POLYLINE_FEATURES,GT,TRAJ_ID_TO_MASK,LANE_ID_TO_MASK,TARJ_LEN,LANE_LEN
"[[  0.40245312 -25.124924     0.3856367  ...   0.           0.
    0.        ]
 [  0.3856367  -23.71483      0.38313982 ...   0.           0.
    0.        ]
 [  0.38313982 -22.57168      0.45475057 ...   0.           0.
    0.        ]
 ...
 [  0.9770731   30.854235     0.95435685 ... -20.530087   -20.542377
   12.        ]
 [  0.95435685  31.685095     0.9316406  ... -20.530087   -20.542377
   12.        ]
 [  0.9316406   32.515953     0.9089244  ... -20.530087   -20.542377
   12.        ]]","[[-0.05692079  1.22203459]
 [-0.02820432  0.97938001]
 [-0.07734281  1.55561734]
 [ 0.          0.        ]
 [-0.12270218  2.53312964]
 [ 0.00610887  1.13360131]
 [ 0.02421092  0.84258711]
 [-0.05596721  1.14794383]
 [-0.11105782  1.05051612]
 [ 0.          0.        ]
 [ 0.12325942  1.60811167]
 [ 0.          0.        ]
 [ 0.11323764  1.89807904]
 [-0.34596141  1.76755882]
 [ 0.00463102  0.65544404]
 [ 0.00366047  2.09212583]
 [ 0.17700678  0.93245661]
 [-0.1954176   1.0931933 ]
 [-0.01830577  0.95641466]
 [ 0.02234421  0.99934709]
 [ 0.03547355  0.8604222 ]
 [ 0.          0.        ]
 [-0.01950349  1.87675323]
 [ 0.          0.        ]
 [-0.10109174  1.78787875]
 [-0.03689249  0.78493839]
 [ 0.          0.        ]
 [-0.05566979  0.94799022]
 [ 0.03396583  0.71673407]
 [-0.01467151  1.71039562]]","{0: (0, 19)}","{1: (0, 9), 2: (9, 18), 3: (18, 27), 4: (27, 36), 5: (36, 45), 6: (45, 54), 7: (54, 63), 8: (63, 72), 9: (72, 81), 10: (81, 90), 11: (90, 99), 12: (99, 108)}",19,108
